precision,recall,f1
0.8386000410917921,0.8431760125430829,0.8407091359336315
